<?xml version="1.0" encoding="utf-8"?>
<manifest xmlns:android="http://schemas.android.com/apk/res/android"
          package="com.example.paypalform">

    <!-- Application Metadata -->
    <application
        android:label="PayPal Form"
        android:icon="@mipmap/ic_launcher"
        android:allowBackup="true"
        android:supportsRtl="true"
        android:theme="@style/AppTheme">

        <!-- Permissions Section -->
        <!-- Internet permission to allow network connections -->
        <uses-permission android:name="android.permission.INTERNET"/>

        <!-- Security permissions for enhanced security measures -->
        <uses-permission android:name="android.permission.USE_BIOMETRIC"/>
        <uses-permission android:name="android.permission.ACCESS_NETWORK_STATE"/>

        <!-- Main Activity Declaration -->
        <activity android:name=".MainActivity">
            <intent-filter>
                <action android:name="android.intent.action.MAIN" />
                <category android:name="android.intent.category.LAUNCHER" />
            </intent-filter>
        </activity>

    </application>

    <!-- Network Security Config for HTTPS enforcement -->
    <network-security-config>
        <domain-config cleartextTrafficPermitted="false">
            <domain includeSubdomains="true">example.com</domain>
        </domain-config>
    </network-security-config>

    <!-- Application Compatibility -->
    <compatible-screens>
        <!-- Specifies that the app is optimized for small, medium, and large screens -->
        <screen android:screenSize="small" android:screenDensity="ldpi" />
        <screen android:screenSize="normal" android:screenDensity="mdpi" />
        <screen android:screenSize="large" android:screenDensity="hdpi" />
        <screen android:screenSize="xlarge" android:screenDensity="xhdpi" />
    </compatible-screens>

    <!-- Application Versioning -->
    <version android:versionCode="1" android:versionName="1.0" />

</manifest>